<?xml version="1.0" encoding="UTF-8"?>
<project-private xmlns="http://www.netbeans.org/ns/project-private/1">
    <editor-bookmarks xmlns="http://www.netbeans.org/ns/editor-bookmarks/2" lastBookmarkId="0"/>
    <open-files xmlns="http://www.netbeans.org/ns/projectui-open-files/2">
        <group>
            <file>file:/F:/CSIII/data%20structure/labs/Data%20Structure%20Project/src/data/structure/project/CountyTax.java</file>
            <file>file:/F:/CSIII/data%20structure/labs/Data%20Structure%20Project/src/data/structure/project/CountiesOrigional.java</file>
            <file>file:/F:/CSIII/data%20structure/labs/Data%20Structure%20Project/src/data/structure/project/CountiesKey.java</file>
        </group>
    </open-files>
</project-private>
